{"cameraMode":{"drawMode":0,"name":"Shaded","section":"Shading Mode"},"sceneLighting":false,"audioPlay":false,"sceneViewState":{"showFog":false,"showMaterialUpdate":false,"showSkybox":false,"showFlares":false,"showImageEffects":false,"showParticleSystems":false},"in2DMode":false,"pivot":{"x":361.38531494140627,"y":393.8036193847656,"z":-18.52838134765625},"rotation":{"x":-0.258794903755188,"y":-0.08477362990379334,"z":0.02282262034714222,"w":-0.9619492888450623},"size":191.1017303466797,"orthographic":false}