{"cameraMode":{"drawMode":0,"name":"Shaded","section":"Shading Mode"},"sceneLighting":true,"audioPlay":false,"sceneViewState":{"showFog":false,"showMaterialUpdate":false,"showSkybox":false,"showFlares":false,"showImageEffects":false,"showParticleSystems":false},"in2DMode":false,"pivot":{"x":5.256721496582031,"y":-4.085786819458008,"z":-0.5406131744384766},"rotation":{"x":0.026996687054634095,"y":0.0014994628727436066,"z":-0.00004049704148201272,"w":0.9996346235275269},"size":6.602298259735107,"orthographic":false}