{"cameraMode":{"drawMode":0,"name":"Shaded","section":"Shading Mode"},"sceneLighting":true,"audioPlay":false,"sceneViewState":{"showFog":false,"showMaterialUpdate":false,"showSkybox":false,"showFlares":false,"showImageEffects":false,"showParticleSystems":false},"in2DMode":false,"pivot":{"x":72.47782897949219,"y":5.892630577087402,"z":55.72440719604492},"rotation":{"x":-0.13215157389640809,"y":-0.4110145568847656,"z":0.06039312109351158,"w":-0.8999972939491272},"size":0.874992311000824,"orthographic":false}