{"cameraMode":{"drawMode":0,"name":"Shaded","section":"Shading Mode"},"sceneLighting":false,"audioPlay":false,"sceneViewState":{"showFog":false,"showMaterialUpdate":false,"showSkybox":false,"showFlares":false,"showImageEffects":false,"showParticleSystems":false},"in2DMode":false,"pivot":{"x":222.9115753173828,"y":438.5758361816406,"z":-0.206268310546875},"rotation":{"x":0.016496170312166215,"y":0.01949838362634182,"z":-0.00033850784529931843,"w":0.9997115731239319},"size":210.3345489501953,"orthographic":false}