{"cameraMode":{"drawMode":0,"name":"Shaded","section":"Shading Mode"},"sceneLighting":true,"audioPlay":false,"sceneViewState":{"showFog":false,"showMaterialUpdate":false,"showSkybox":false,"showFlares":false,"showImageEffects":false,"showParticleSystems":false},"in2DMode":false,"pivot":{"x":443.8272705078125,"y":275.71209716796877,"z":15.99517822265625},"rotation":{"x":-0.004189810249954462,"y":0.012320069596171379,"z":-0.000011179415196238551,"w":0.9999645948410034},"size":722.5903930664063,"orthographic":false}