{"cameraMode":{"drawMode":0,"name":"Shaded","section":"Shading Mode"},"sceneLighting":false,"audioPlay":false,"sceneViewState":{"showFog":false,"showMaterialUpdate":false,"showSkybox":false,"showFlares":false,"showImageEffects":false,"showParticleSystems":false},"in2DMode":false,"pivot":{"x":858.6500244140625,"y":135.44000244140626,"z":0.0},"rotation":{"x":0.008999457582831383,"y":0.009001520462334156,"z":-0.00009790253534447402,"w":0.9999565482139587},"size":116.67262268066406,"orthographic":false}