{"cameraMode":{"drawMode":0,"name":"Shaded","section":"Shading Mode"},"sceneLighting":true,"audioPlay":false,"sceneViewState":{"showFog":false,"showMaterialUpdate":false,"showSkybox":false,"showFlares":false,"showImageEffects":false,"showParticleSystems":false},"in2DMode":false,"pivot":{"x":6.036989212036133,"y":2.7605478763580324,"z":-3.5532236099243166},"rotation":{"x":0.20258137583732606,"y":0.0117501774802804,"z":-0.002447502687573433,"w":0.979234516620636},"size":5.93016242980957,"orthographic":false}