{"cameraMode":{"drawMode":0,"name":"Shaded","section":"Shading Mode"},"sceneLighting":true,"audioPlay":false,"sceneViewState":{"showFog":false,"showMaterialUpdate":false,"showSkybox":false,"showFlares":false,"showImageEffects":false,"showParticleSystems":false},"in2DMode":false,"pivot":{"x":5.090000152587891,"y":-3.4700000286102297,"z":0.0},"rotation":{"x":0.04941278696060181,"y":0.052415668964385989,"z":-0.002608315786346793,"w":0.9974433183670044},"size":2.9019365310668947,"orthographic":false}