{"cameraMode":{"drawMode":0,"name":"Shaded","section":"Shading Mode"},"sceneLighting":false,"audioPlay":false,"sceneViewState":{"showFog":false,"showMaterialUpdate":false,"showSkybox":false,"showFlares":false,"showImageEffects":false,"showParticleSystems":false},"in2DMode":false,"pivot":{"x":433.2080383300781,"y":290.5897216796875,"z":209.53900146484376},"rotation":{"x":0.04679415374994278,"y":-0.010172204114496708,"z":0.0004182895354460925,"w":0.9989015460014343},"size":764.40673828125,"orthographic":false}