{"cameraMode":{"drawMode":0,"name":"Shaded","section":"Shading Mode"},"sceneLighting":true,"audioPlay":false,"sceneViewState":{"showFog":false,"showMaterialUpdate":false,"showSkybox":false,"showFlares":false,"showImageEffects":false,"showParticleSystems":false},"in2DMode":false,"pivot":{"x":8.171548843383789,"y":-3.932652473449707,"z":1.4189049005508423},"rotation":{"x":-0.023991413414478303,"y":0.023992137983441354,"z":0.0005738367326557636,"w":0.9994359612464905},"size":7.534318447113037,"orthographic":false}