{"cameraMode":{"drawMode":0,"name":"Shaded","section":"Shading Mode"},"sceneLighting":true,"audioPlay":false,"sceneViewState":{"showFog":false,"showMaterialUpdate":false,"showSkybox":false,"showFlares":false,"showImageEffects":false,"showParticleSystems":false},"in2DMode":false,"pivot":{"x":4.815986633300781,"y":-3.3877522945404054,"z":-1.5841922760009766},"rotation":{"x":-0.049663543701171878,"y":0.022682471200823785,"z":0.0010971648152917624,"w":0.9985302090644836},"size":6.65828275680542,"orthographic":false}