{"cameraMode":{"drawMode":0,"name":"Shaded","section":"Shading Mode"},"sceneLighting":false,"audioPlay":false,"sceneViewState":{"showFog":false,"showMaterialUpdate":false,"showSkybox":false,"showFlares":false,"showImageEffects":false,"showParticleSystems":false},"in2DMode":false,"pivot":{"x":725.0999755859375,"y":475.70001220703127,"z":0.0},"rotation":{"x":0.032994553446769717,"y":-0.005995670333504677,"z":0.00018101406749337912,"w":0.9994755983352661},"size":46.66904830932617,"orthographic":false}