{"cameraMode":{"drawMode":0,"name":"Shaded","section":"Shading Mode"},"sceneLighting":false,"audioPlay":false,"sceneViewState":{"showFog":false,"showMaterialUpdate":false,"showSkybox":false,"showFlares":false,"showImageEffects":false,"showParticleSystems":false},"in2DMode":false,"pivot":{"x":99.96459197998047,"y":0.909526526927948,"z":82.32713317871094},"rotation":{"x":0.0017150535713881255,"y":0.7618170380592346,"z":0.0020718355663120748,"w":-0.6478161811828613},"size":2.7344348430633547,"orthographic":false}