{"cameraMode":{"drawMode":0,"name":"Shaded","section":"Shading Mode"},"sceneLighting":false,"audioPlay":false,"sceneViewState":{"showFog":false,"showMaterialUpdate":false,"showSkybox":false,"showFlares":false,"showImageEffects":false,"showParticleSystems":false},"in2DMode":false,"pivot":{"x":351.6000061035156,"y":306.67999267578127,"z":0.0},"rotation":{"x":0.032994553446769717,"y":-0.005995670333504677,"z":0.00018101406749337912,"w":0.9994755983352661},"size":207.67727661132813,"orthographic":false}