{"cameraMode":{"drawMode":0,"name":"Shaded","section":"Shading Mode"},"sceneLighting":true,"audioPlay":false,"sceneViewState":{"showFog":false,"showMaterialUpdate":false,"showSkybox":false,"showFlares":false,"showImageEffects":false,"showParticleSystems":false},"in2DMode":false,"pivot":{"x":80.99403381347656,"y":1.3605555295944214,"z":65.35084533691406},"rotation":{"x":-0.10490348190069199,"y":-0.7054144740104675,"z":0.10686394572257996,"w":-0.6928272843360901},"size":2.8697922229766847,"orthographic":false}