{"cameraMode":{"drawMode":0,"name":"Shaded","section":"Shading Mode"},"sceneLighting":true,"audioPlay":false,"sceneViewState":{"showFog":false,"showMaterialUpdate":false,"showSkybox":false,"showFlares":false,"showImageEffects":false,"showParticleSystems":false},"in2DMode":false,"pivot":{"x":4.4007768630981449,"y":-3.6398534774780275,"z":3.9806385040283205},"rotation":{"x":0.011648925952613354,"y":0.1585267335176468,"z":-0.0019118045456707478,"w":0.9872870445251465},"size":13.882140159606934,"orthographic":false}