{"cameraMode":{"drawMode":0,"name":"Shaded","section":"Shading Mode"},"sceneLighting":true,"audioPlay":false,"sceneViewState":{"showFog":false,"showMaterialUpdate":false,"showSkybox":false,"showFlares":false,"showImageEffects":false,"showParticleSystems":false},"in2DMode":false,"pivot":{"x":2.848609447479248,"y":-5.364455699920654,"z":2.7403950691223146},"rotation":{"x":0.1891588419675827,"y":-0.007161903195083141,"z":0.001355821848846972,"w":0.9819483160972595},"size":8.634164810180664,"orthographic":false}