{"cameraMode":{"drawMode":0,"name":"Shaded","section":"Shading Mode"},"sceneLighting":true,"audioPlay":false,"sceneViewState":{"showFog":false,"showMaterialUpdate":false,"showSkybox":false,"showFlares":false,"showImageEffects":false,"showParticleSystems":false},"in2DMode":false,"pivot":{"x":307.7216796875,"y":272.63031005859377,"z":177.44964599609376},"rotation":{"x":0.04941278696060181,"y":0.052415668964385989,"z":-0.002608315786346793,"w":0.9974433183670044},"size":609.4960327148438,"orthographic":false}