{"cameraMode":{"drawMode":0,"name":"Shaded","section":"Shading Mode"},"sceneLighting":false,"audioPlay":false,"sceneViewState":{"showFog":false,"showMaterialUpdate":false,"showSkybox":false,"showFlares":false,"showImageEffects":false,"showParticleSystems":false},"in2DMode":false,"pivot":{"x":486.07501220703127,"y":297.29998779296877,"z":0.0},"rotation":{"x":0.008999457582831383,"y":0.009001520462334156,"z":-0.00009790253534447402,"w":0.9999565482139587},"size":283.2132263183594,"orthographic":false}