{"cameraMode":{"drawMode":0,"name":"Shaded","section":"Shading Mode"},"sceneLighting":true,"audioPlay":false,"sceneViewState":{"showFog":false,"showMaterialUpdate":false,"showSkybox":false,"showFlares":false,"showImageEffects":false,"showParticleSystems":false},"in2DMode":false,"pivot":{"x":44.35421371459961,"y":1.8417024612426758,"z":21.180831909179689},"rotation":{"x":0.24277572333812715,"y":-0.13883577287197114,"z":0.0350525937974453,"w":0.9595009088516235},"size":9.21204948425293,"orthographic":false}